INSERT INTO CUSTOMER (ID, FIRSTNAME, LASTNAME, CITY, COUNTRY, PHONE) VALUES (1,'Customer First Name 1','Customer Last Name 1','Customer City 1','Customer Country 1','1111111');
INSERT INTO CUSTOMER (ID, FIRSTNAME, LASTNAME, CITY, COUNTRY, PHONE) VALUES (2,'Customer First Name 2','Customer Last Name 2','Customer City 2','Customer Country 2','22222222');
INSERT INTO CUSTOMER (ID, FIRSTNAME, LASTNAME, CITY, COUNTRY, PHONE) VALUES (3,'Customer First Name 3','Customer Last Name 3','Customer City 3','Customer Country 3','33333333');
INSERT INTO CUSTOMER (ID, FIRSTNAME, LASTNAME, CITY, COUNTRY, PHONE) VALUES (4,'Customer First Name 4','Customer Last Name 4','Customer City 4','Customer Country 4','44444444');
INSERT INTO CUSTOMER (ID, FIRSTNAME, LASTNAME, CITY, COUNTRY, PHONE) VALUES (5,'Customer First Name 5','Customer Last Name 5','Customer City 5','Customer Country 5','55555555');
INSERT INTO CUSTOMER (ID, FIRSTNAME, LASTNAME, CITY, COUNTRY, PHONE) VALUES (6,'Customer First Name 6','Customer Last Name 6','Customer City 6','Customer Country 6','66666666');
INSERT INTO CUSTOMER (ID, FIRSTNAME, LASTNAME, CITY, COUNTRY, PHONE) VALUES (7,'Customer First Name 7','Customer Last Name 7','Customer City 7','Customer Country 7','77777777');
INSERT INTO CUSTOMER (ID, FIRSTNAME, LASTNAME, CITY, COUNTRY, PHONE) VALUES (8,'Customer First Name 8','Customer Last Name 8','Customer City 8','Customer Country 8','88888888');
INSERT INTO CUSTOMER (ID, FIRSTNAME, LASTNAME, CITY, COUNTRY, PHONE) VALUES (9,'Customer First Name 9','Customer Last Name 9','Customer City 9','Customer Country 9','99999999');

INSERT INTO ORDERS (ID, ORDERDATE,ORDERNUMBER,CUSTOMERID,TOTALAMOUNT) VALUES (1,parsedatetime('01/Jan/2020','d/MMM/yyyy'),'Order 1',1,1);
INSERT INTO ORDERS (ID, ORDERDATE,ORDERNUMBER,CUSTOMERID,TOTALAMOUNT) VALUES (2,parsedatetime('01/Feb/2020','d/MMM/yyyy'),'Order 2',2,2);
INSERT INTO ORDERS (ID, ORDERDATE,ORDERNUMBER,CUSTOMERID,TOTALAMOUNT) VALUES (3,parsedatetime('01/Mar/2020','d/MMM/yyyy'),'Order 3',3,3);
INSERT INTO ORDERS (ID, ORDERDATE,ORDERNUMBER,CUSTOMERID,TOTALAMOUNT) VALUES (4,parsedatetime('01/Apr/2020','d/MMM/yyyy'),'Order 4',4,4);
INSERT INTO ORDERS (ID, ORDERDATE,ORDERNUMBER,CUSTOMERID,TOTALAMOUNT) VALUES (5,parsedatetime('01/May/2020','d/MMM/yyyy'),'Order 5',5,5);
INSERT INTO ORDERS (ID, ORDERDATE,ORDERNUMBER,CUSTOMERID,TOTALAMOUNT) VALUES (6,parsedatetime('01/Jun/2020','d/MMM/yyyy'),'Order 6',6,6);
INSERT INTO ORDERS (ID, ORDERDATE,ORDERNUMBER,CUSTOMERID,TOTALAMOUNT) VALUES (7,parsedatetime('01/Jul/2020','d/MMM/yyyy'),'Order 7',7,7);
INSERT INTO ORDERS (ID, ORDERDATE,ORDERNUMBER,CUSTOMERID,TOTALAMOUNT) VALUES (8,parsedatetime('01/Aug/2020','d/MMM/yyyy'),'Order 8',8,8);
INSERT INTO ORDERS (ID, ORDERDATE,ORDERNUMBER,CUSTOMERID,TOTALAMOUNT) VALUES (9,parsedatetime('01/Sep/2020','d/MMM/yyyy'),'Order 9',9,9);
INSERT INTO ORDERS (ID, ORDERDATE,ORDERNUMBER,CUSTOMERID,TOTALAMOUNT) VALUES (10,parsedatetime('01/Feb/2020','d/MMM/yyyy'),'Order 10',2,2);
INSERT INTO ORDERS (ID, ORDERDATE,ORDERNUMBER,CUSTOMERID,TOTALAMOUNT) VALUES (11,parsedatetime('01/Mar/2020','d/MMM/yyyy'),'Order 11',3,3);
INSERT INTO ORDERS (ID, ORDERDATE,ORDERNUMBER,CUSTOMERID,TOTALAMOUNT) VALUES (12,parsedatetime('01/Apr/2020','d/MMM/yyyy'),'Order 12',4,4);
INSERT INTO ORDERS (ID, ORDERDATE,ORDERNUMBER,CUSTOMERID,TOTALAMOUNT) VALUES (13,parsedatetime('01/May/2020','d/MMM/yyyy'),'Order 13',5,5);
INSERT INTO ORDERS (ID, ORDERDATE,ORDERNUMBER,CUSTOMERID,TOTALAMOUNT) VALUES (14,parsedatetime('01/Jun/2020','d/MMM/yyyy'),'Order 14',6,6);
INSERT INTO ORDERS (ID, ORDERDATE,ORDERNUMBER,CUSTOMERID,TOTALAMOUNT) VALUES (15,parsedatetime('01/Jul/2020','d/MMM/yyyy'),'Order 15',7,7);
INSERT INTO ORDERS (ID, ORDERDATE,ORDERNUMBER,CUSTOMERID,TOTALAMOUNT) VALUES (16,parsedatetime('01/Aug/2020','d/MMM/yyyy'),'Order 16',8,8);
INSERT INTO ORDERS (ID, ORDERDATE,ORDERNUMBER,CUSTOMERID,TOTALAMOUNT) VALUES (17,parsedatetime('01/Sep/2020','d/MMM/yyyy'),'Order 17',9,9);
INSERT INTO ORDERS (ID, ORDERDATE,ORDERNUMBER,CUSTOMERID,TOTALAMOUNT) VALUES (18,parsedatetime('01/Mar/2020','d/MMM/yyyy'),'Order 18',3,3);
INSERT INTO ORDERS (ID, ORDERDATE,ORDERNUMBER,CUSTOMERID,TOTALAMOUNT) VALUES (19,parsedatetime('01/Apr/2020','d/MMM/yyyy'),'Order 19',4,4);
INSERT INTO ORDERS (ID, ORDERDATE,ORDERNUMBER,CUSTOMERID,TOTALAMOUNT) VALUES (20,parsedatetime('01/May/2020','d/MMM/yyyy'),'Order 20',5,5);
INSERT INTO ORDERS (ID, ORDERDATE,ORDERNUMBER,CUSTOMERID,TOTALAMOUNT) VALUES (21,parsedatetime('01/Jun/2020','d/MMM/yyyy'),'Order 21',6,6);
INSERT INTO ORDERS (ID, ORDERDATE,ORDERNUMBER,CUSTOMERID,TOTALAMOUNT) VALUES (22,parsedatetime('01/Jul/2020','d/MMM/yyyy'),'Order 22',7,7);
INSERT INTO ORDERS (ID, ORDERDATE,ORDERNUMBER,CUSTOMERID,TOTALAMOUNT) VALUES (23,parsedatetime('01/Aug/2020','d/MMM/yyyy'),'Order 23',8,8);
INSERT INTO ORDERS (ID, ORDERDATE,ORDERNUMBER,CUSTOMERID,TOTALAMOUNT) VALUES (24,parsedatetime('01/Sep/2020','d/MMM/yyyy'),'Order 24',9,9);
INSERT INTO ORDERS (ID, ORDERDATE,ORDERNUMBER,CUSTOMERID,TOTALAMOUNT) VALUES (25,parsedatetime('01/Apr/2020','d/MMM/yyyy'),'Order 25',4,4);
INSERT INTO ORDERS (ID, ORDERDATE,ORDERNUMBER,CUSTOMERID,TOTALAMOUNT) VALUES (26,parsedatetime('01/May/2020','d/MMM/yyyy'),'Order 26',5,5);
INSERT INTO ORDERS (ID, ORDERDATE,ORDERNUMBER,CUSTOMERID,TOTALAMOUNT) VALUES (27,parsedatetime('01/Jun/2020','d/MMM/yyyy'),'Order 27',6,6);
INSERT INTO ORDERS (ID, ORDERDATE,ORDERNUMBER,CUSTOMERID,TOTALAMOUNT) VALUES (28,parsedatetime('01/Jul/2020','d/MMM/yyyy'),'Order 28',7,7);
INSERT INTO ORDERS (ID, ORDERDATE,ORDERNUMBER,CUSTOMERID,TOTALAMOUNT) VALUES (29,parsedatetime('01/Aug/2020','d/MMM/yyyy'),'Order 29',8,8);
INSERT INTO ORDERS (ID, ORDERDATE,ORDERNUMBER,CUSTOMERID,TOTALAMOUNT) VALUES (30,parsedatetime('01/Sep/2020','d/MMM/yyyy'),'Order 30',9,9);
INSERT INTO ORDERS (ID, ORDERDATE,ORDERNUMBER,CUSTOMERID,TOTALAMOUNT) VALUES (31,parsedatetime('01/May/2020','d/MMM/yyyy'),'Order 31',5,5);
INSERT INTO ORDERS (ID, ORDERDATE,ORDERNUMBER,CUSTOMERID,TOTALAMOUNT) VALUES (32,parsedatetime('01/Jun/2020','d/MMM/yyyy'),'Order 32',6,6);
INSERT INTO ORDERS (ID, ORDERDATE,ORDERNUMBER,CUSTOMERID,TOTALAMOUNT) VALUES (33,parsedatetime('01/Jul/2020','d/MMM/yyyy'),'Order 33',7,7);
INSERT INTO ORDERS (ID, ORDERDATE,ORDERNUMBER,CUSTOMERID,TOTALAMOUNT) VALUES (34,parsedatetime('01/Aug/2020','d/MMM/yyyy'),'Order 34',8,8);
INSERT INTO ORDERS (ID, ORDERDATE,ORDERNUMBER,CUSTOMERID,TOTALAMOUNT) VALUES (35,parsedatetime('01/Sep/2020','d/MMM/yyyy'),'Order 35',9,9);
INSERT INTO ORDERS (ID, ORDERDATE,ORDERNUMBER,CUSTOMERID,TOTALAMOUNT) VALUES (36,parsedatetime('01/Jun/2020','d/MMM/yyyy'),'Order 36',6,6);
INSERT INTO ORDERS (ID, ORDERDATE,ORDERNUMBER,CUSTOMERID,TOTALAMOUNT) VALUES (37,parsedatetime('01/Jul/2020','d/MMM/yyyy'),'Order 37',7,7);
INSERT INTO ORDERS (ID, ORDERDATE,ORDERNUMBER,CUSTOMERID,TOTALAMOUNT) VALUES (38,parsedatetime('01/Aug/2020','d/MMM/yyyy'),'Order 38',8,8);
INSERT INTO ORDERS (ID, ORDERDATE,ORDERNUMBER,CUSTOMERID,TOTALAMOUNT) VALUES (39,parsedatetime('01/Sep/2020','d/MMM/yyyy'),'Order 39',9,9);
INSERT INTO ORDERS (ID, ORDERDATE,ORDERNUMBER,CUSTOMERID,TOTALAMOUNT) VALUES (40,parsedatetime('01/Jul/2020','d/MMM/yyyy'),'Order 40',7,7);
INSERT INTO ORDERS (ID, ORDERDATE,ORDERNUMBER,CUSTOMERID,TOTALAMOUNT) VALUES (41,parsedatetime('01/Aug/2020','d/MMM/yyyy'),'Order 41',8,8);
INSERT INTO ORDERS (ID, ORDERDATE,ORDERNUMBER,CUSTOMERID,TOTALAMOUNT) VALUES (42,parsedatetime('01/Sep/2020','d/MMM/yyyy'),'Order 42',9,9);
INSERT INTO ORDERS (ID, ORDERDATE,ORDERNUMBER,CUSTOMERID,TOTALAMOUNT) VALUES (43,parsedatetime('01/Aug/2020','d/MMM/yyyy'),'Order 43',8,8);
INSERT INTO ORDERS (ID, ORDERDATE,ORDERNUMBER,CUSTOMERID,TOTALAMOUNT) VALUES (44,parsedatetime('01/Sep/2020','d/MMM/yyyy'),'Order 44',9,9);
INSERT INTO ORDERS (ID, ORDERDATE,ORDERNUMBER,CUSTOMERID,TOTALAMOUNT) VALUES (45,parsedatetime('01/Sep/2020','d/MMM/yyyy'),'Order 45',9,9);
INSERT INTO ORDERS (ID, ORDERDATE,ORDERNUMBER,CUSTOMERID,TOTALAMOUNT) VALUES (46,parsedatetime('01/Aug/2020','d/MMM/yyyy'),'Order 46',1,19);
INSERT INTO ORDERS (ID, ORDERDATE,ORDERNUMBER,CUSTOMERID,TOTALAMOUNT) VALUES (47,parsedatetime('01/Jul/2020','d/MMM/yyyy'),'Order 47',1,39);
INSERT INTO ORDERS (ID, ORDERDATE,ORDERNUMBER,CUSTOMERID,TOTALAMOUNT) VALUES (48,parsedatetime('01/May/2020','d/MMM/yyyy'),'Order 48',1,59);
INSERT INTO ORDERS (ID, ORDERDATE,ORDERNUMBER,CUSTOMERID,TOTALAMOUNT) VALUES (49,parsedatetime('01/Mar/2020','d/MMM/yyyy'),'Order 49',1,29);

INSERT INTO ORDERS (ID, ORDERDATE,ORDERNUMBER,CUSTOMERID,TOTALAMOUNT) VALUES (50,parsedatetime('01/Dec/2020','d/MMM/yyyy'),'Order 50',1,9);
INSERT INTO ORDERS (ID, ORDERDATE,ORDERNUMBER,CUSTOMERID,TOTALAMOUNT) VALUES (51,parsedatetime('01/Aug/2020','d/MMM/yyyy'),'Order 51',2,89);
INSERT INTO ORDERS (ID, ORDERDATE,ORDERNUMBER,CUSTOMERID,TOTALAMOUNT) VALUES (52,parsedatetime('01/Jul/2020','d/MMM/yyyy'),'Order 52',3,79);
INSERT INTO ORDERS (ID, ORDERDATE,ORDERNUMBER,CUSTOMERID,TOTALAMOUNT) VALUES (53,parsedatetime('01/Sep/2020','d/MMM/yyyy'),'Order 53',4,69);
INSERT INTO ORDERS (ID, ORDERDATE,ORDERNUMBER,CUSTOMERID,TOTALAMOUNT) VALUES (54,parsedatetime('01/May/2020','d/MMM/yyyy'),'Order 54',5,59);
INSERT INTO ORDERS (ID, ORDERDATE,ORDERNUMBER,CUSTOMERID,TOTALAMOUNT) VALUES (55,parsedatetime('01/Jun/2020','d/MMM/yyyy'),'Order 55',6,49);
INSERT INTO ORDERS (ID, ORDERDATE,ORDERNUMBER,CUSTOMERID,TOTALAMOUNT) VALUES (56,parsedatetime('01/Apr/2020','d/MMM/yyyy'),'Order 56',7,39);
INSERT INTO ORDERS (ID, ORDERDATE,ORDERNUMBER,CUSTOMERID,TOTALAMOUNT) VALUES (57,parsedatetime('01/Jan/2020','d/MMM/yyyy'),'Order 57',8,29);
INSERT INTO ORDERS (ID, ORDERDATE,ORDERNUMBER,CUSTOMERID,TOTALAMOUNT) VALUES (58,parsedatetime('01/Feb/2020','d/MMM/yyyy'),'Order 58',9,19);



INSERT INTO ORDERITEM (ID, ORDERID, PRODUCTID, UNITPRICE, QUANTITY) VALUES (1,1,1,1,1);
INSERT INTO ORDERITEM (ID, ORDERID, PRODUCTID, UNITPRICE, QUANTITY) VALUES (2,2,2,2,4);
INSERT INTO ORDERITEM (ID, ORDERID, PRODUCTID, UNITPRICE, QUANTITY) VALUES (3,3,3,3,9);
INSERT INTO ORDERITEM (ID, ORDERID, PRODUCTID, UNITPRICE, QUANTITY) VALUES (4,4,4,4,16);
INSERT INTO ORDERITEM (ID, ORDERID, PRODUCTID, UNITPRICE, QUANTITY) VALUES (5,5,5,5,25);
INSERT INTO ORDERITEM (ID, ORDERID, PRODUCTID, UNITPRICE, QUANTITY) VALUES (6,6,6,6,36);
INSERT INTO ORDERITEM (ID, ORDERID, PRODUCTID, UNITPRICE, QUANTITY) VALUES (7,7,7,7,49);
INSERT INTO ORDERITEM (ID, ORDERID, PRODUCTID, UNITPRICE, QUANTITY) VALUES (8,8,8,8,64);
INSERT INTO ORDERITEM (ID, ORDERID, PRODUCTID, UNITPRICE, QUANTITY) VALUES (9,9,9,9,81);
INSERT INTO ORDERITEM (ID, ORDERID, PRODUCTID, UNITPRICE, QUANTITY) VALUES (10,10,2,2,100);
INSERT INTO ORDERITEM (ID, ORDERID, PRODUCTID, UNITPRICE, QUANTITY) VALUES (11,11,3,3,121);
INSERT INTO ORDERITEM (ID, ORDERID, PRODUCTID, UNITPRICE, QUANTITY) VALUES (12,12,4,4,144);
INSERT INTO ORDERITEM (ID, ORDERID, PRODUCTID, UNITPRICE, QUANTITY) VALUES (13,13,5,5,169);
INSERT INTO ORDERITEM (ID, ORDERID, PRODUCTID, UNITPRICE, QUANTITY) VALUES (14,14,6,6,196);
INSERT INTO ORDERITEM (ID, ORDERID, PRODUCTID, UNITPRICE, QUANTITY) VALUES (15,15,7,7,225);
INSERT INTO ORDERITEM (ID, ORDERID, PRODUCTID, UNITPRICE, QUANTITY) VALUES (16,16,8,8,256);
INSERT INTO ORDERITEM (ID, ORDERID, PRODUCTID, UNITPRICE, QUANTITY) VALUES (17,17,9,9,289);
INSERT INTO ORDERITEM (ID, ORDERID, PRODUCTID, UNITPRICE, QUANTITY) VALUES (18,18,3,3,324);
INSERT INTO ORDERITEM (ID, ORDERID, PRODUCTID, UNITPRICE, QUANTITY) VALUES (19,19,4,4,361);
INSERT INTO ORDERITEM (ID, ORDERID, PRODUCTID, UNITPRICE, QUANTITY) VALUES (20,20,5,5,400);
INSERT INTO ORDERITEM (ID, ORDERID, PRODUCTID, UNITPRICE, QUANTITY) VALUES (21,21,6,6,441);
INSERT INTO ORDERITEM (ID, ORDERID, PRODUCTID, UNITPRICE, QUANTITY) VALUES (22,22,7,7,484);
INSERT INTO ORDERITEM (ID, ORDERID, PRODUCTID, UNITPRICE, QUANTITY) VALUES (23,23,8,8,529);
INSERT INTO ORDERITEM (ID, ORDERID, PRODUCTID, UNITPRICE, QUANTITY) VALUES (24,24,9,9,576);
INSERT INTO ORDERITEM (ID, ORDERID, PRODUCTID, UNITPRICE, QUANTITY) VALUES (25,25,4,4,625);
INSERT INTO ORDERITEM (ID, ORDERID, PRODUCTID, UNITPRICE, QUANTITY) VALUES (26,26,5,5,676);
INSERT INTO ORDERITEM (ID, ORDERID, PRODUCTID, UNITPRICE, QUANTITY) VALUES (27,27,6,6,729);
INSERT INTO ORDERITEM (ID, ORDERID, PRODUCTID, UNITPRICE, QUANTITY) VALUES (28,28,7,7,784);
INSERT INTO ORDERITEM (ID, ORDERID, PRODUCTID, UNITPRICE, QUANTITY) VALUES (29,29,8,8,841);
INSERT INTO ORDERITEM (ID, ORDERID, PRODUCTID, UNITPRICE, QUANTITY) VALUES (30,30,9,9,900);
INSERT INTO ORDERITEM (ID, ORDERID, PRODUCTID, UNITPRICE, QUANTITY) VALUES (31,31,5,5,961);
INSERT INTO ORDERITEM (ID, ORDERID, PRODUCTID, UNITPRICE, QUANTITY) VALUES (32,32,6,6,1024);
INSERT INTO ORDERITEM (ID, ORDERID, PRODUCTID, UNITPRICE, QUANTITY) VALUES (33,33,7,7,1089);
INSERT INTO ORDERITEM (ID, ORDERID, PRODUCTID, UNITPRICE, QUANTITY) VALUES (34,34,8,8,1156);
INSERT INTO ORDERITEM (ID, ORDERID, PRODUCTID, UNITPRICE, QUANTITY) VALUES (35,35,9,9,1225);
INSERT INTO ORDERITEM (ID, ORDERID, PRODUCTID, UNITPRICE, QUANTITY) VALUES (36,36,6,6,1296);
INSERT INTO ORDERITEM (ID, ORDERID, PRODUCTID, UNITPRICE, QUANTITY) VALUES (37,37,7,7,1369);
INSERT INTO ORDERITEM (ID, ORDERID, PRODUCTID, UNITPRICE, QUANTITY) VALUES (38,38,8,8,1444);
INSERT INTO ORDERITEM (ID, ORDERID, PRODUCTID, UNITPRICE, QUANTITY) VALUES (39,39,9,9,1521);
INSERT INTO ORDERITEM (ID, ORDERID, PRODUCTID, UNITPRICE, QUANTITY) VALUES (40,40,7,7,1600);
INSERT INTO ORDERITEM (ID, ORDERID, PRODUCTID, UNITPRICE, QUANTITY) VALUES (41,41,8,8,1681);
INSERT INTO ORDERITEM (ID, ORDERID, PRODUCTID, UNITPRICE, QUANTITY) VALUES (42,42,9,9,1764);
INSERT INTO ORDERITEM (ID, ORDERID, PRODUCTID, UNITPRICE, QUANTITY) VALUES (43,43,8,8,1849);
INSERT INTO ORDERITEM (ID, ORDERID, PRODUCTID, UNITPRICE, QUANTITY) VALUES (44,44,9,9,1936);
INSERT INTO ORDERITEM (ID, ORDERID, PRODUCTID, UNITPRICE, QUANTITY) VALUES (45,45,9,9,2025);
INSERT INTO ORDERITEM (ID, ORDERID, PRODUCTID, UNITPRICE, QUANTITY) VALUES (46,45,1,1,2070);
INSERT INTO ORDERITEM (ID, ORDERID, PRODUCTID, UNITPRICE, QUANTITY) VALUES (47,44,2,2,2068);
INSERT INTO ORDERITEM (ID, ORDERID, PRODUCTID, UNITPRICE, QUANTITY) VALUES (48,43,3,3,2064);
INSERT INTO ORDERITEM (ID, ORDERID, PRODUCTID, UNITPRICE, QUANTITY) VALUES (49,42,4,4,2058);
INSERT INTO ORDERITEM (ID, ORDERID, PRODUCTID, UNITPRICE, QUANTITY) VALUES (50,41,5,5,2050);
INSERT INTO ORDERITEM (ID, ORDERID, PRODUCTID, UNITPRICE, QUANTITY) VALUES (51,40,6,6,2040);
INSERT INTO ORDERITEM (ID, ORDERID, PRODUCTID, UNITPRICE, QUANTITY) VALUES (52,39,7,7,2028);
INSERT INTO ORDERITEM (ID, ORDERID, PRODUCTID, UNITPRICE, QUANTITY) VALUES (53,38,8,8,2014);
INSERT INTO ORDERITEM (ID, ORDERID, PRODUCTID, UNITPRICE, QUANTITY) VALUES (54,37,9,9,1998);
INSERT INTO ORDERITEM (ID, ORDERID, PRODUCTID, UNITPRICE, QUANTITY) VALUES (55,36,2,2,1980);
INSERT INTO ORDERITEM (ID, ORDERID, PRODUCTID, UNITPRICE, QUANTITY) VALUES (56,35,3,3,1960);
INSERT INTO ORDERITEM (ID, ORDERID, PRODUCTID, UNITPRICE, QUANTITY) VALUES (57,34,4,4,1938);
INSERT INTO ORDERITEM (ID, ORDERID, PRODUCTID, UNITPRICE, QUANTITY) VALUES (58,33,5,5,1914);
INSERT INTO ORDERITEM (ID, ORDERID, PRODUCTID, UNITPRICE, QUANTITY) VALUES (59,32,6,6,1888);
INSERT INTO ORDERITEM (ID, ORDERID, PRODUCTID, UNITPRICE, QUANTITY) VALUES (60,31,7,7,1860);
INSERT INTO ORDERITEM (ID, ORDERID, PRODUCTID, UNITPRICE, QUANTITY) VALUES (61,30,8,8,1830);
INSERT INTO ORDERITEM (ID, ORDERID, PRODUCTID, UNITPRICE, QUANTITY) VALUES (62,29,9,9,1798);
INSERT INTO ORDERITEM (ID, ORDERID, PRODUCTID, UNITPRICE, QUANTITY) VALUES (63,28,3,3,1764);
INSERT INTO ORDERITEM (ID, ORDERID, PRODUCTID, UNITPRICE, QUANTITY) VALUES (64,27,4,4,1728);
INSERT INTO ORDERITEM (ID, ORDERID, PRODUCTID, UNITPRICE, QUANTITY) VALUES (65,26,5,5,1690);
INSERT INTO ORDERITEM (ID, ORDERID, PRODUCTID, UNITPRICE, QUANTITY) VALUES (66,25,6,6,1650);
INSERT INTO ORDERITEM (ID, ORDERID, PRODUCTID, UNITPRICE, QUANTITY) VALUES (67,24,7,7,1608);
INSERT INTO ORDERITEM (ID, ORDERID, PRODUCTID, UNITPRICE, QUANTITY) VALUES (68,23,8,8,1564);
INSERT INTO ORDERITEM (ID, ORDERID, PRODUCTID, UNITPRICE, QUANTITY) VALUES (69,22,9,9,1518);
INSERT INTO ORDERITEM (ID, ORDERID, PRODUCTID, UNITPRICE, QUANTITY) VALUES (70,21,4,4,1470);
INSERT INTO ORDERITEM (ID, ORDERID, PRODUCTID, UNITPRICE, QUANTITY) VALUES (71,20,5,5,1420);
INSERT INTO ORDERITEM (ID, ORDERID, PRODUCTID, UNITPRICE, QUANTITY) VALUES (72,19,6,6,1368);
INSERT INTO ORDERITEM (ID, ORDERID, PRODUCTID, UNITPRICE, QUANTITY) VALUES (73,18,7,7,1314);
INSERT INTO ORDERITEM (ID, ORDERID, PRODUCTID, UNITPRICE, QUANTITY) VALUES (74,17,8,8,1258);
INSERT INTO ORDERITEM (ID, ORDERID, PRODUCTID, UNITPRICE, QUANTITY) VALUES (75,16,9,9,1200);
INSERT INTO ORDERITEM (ID, ORDERID, PRODUCTID, UNITPRICE, QUANTITY) VALUES (76,15,5,5,1140);
INSERT INTO ORDERITEM (ID, ORDERID, PRODUCTID, UNITPRICE, QUANTITY) VALUES (77,14,6,6,1078);
INSERT INTO ORDERITEM (ID, ORDERID, PRODUCTID, UNITPRICE, QUANTITY) VALUES (78,13,7,7,1014);
INSERT INTO ORDERITEM (ID, ORDERID, PRODUCTID, UNITPRICE, QUANTITY) VALUES (79,12,8,8,948);
INSERT INTO ORDERITEM (ID, ORDERID, PRODUCTID, UNITPRICE, QUANTITY) VALUES (80,11,9,9,880);
INSERT INTO ORDERITEM (ID, ORDERID, PRODUCTID, UNITPRICE, QUANTITY) VALUES (81,10,6,6,810);
INSERT INTO ORDERITEM (ID, ORDERID, PRODUCTID, UNITPRICE, QUANTITY) VALUES (82,9,7,7,738);
INSERT INTO ORDERITEM (ID, ORDERID, PRODUCTID, UNITPRICE, QUANTITY) VALUES (83,8,8,8,664);
INSERT INTO ORDERITEM (ID, ORDERID, PRODUCTID, UNITPRICE, QUANTITY) VALUES (84,7,9,9,588);
INSERT INTO ORDERITEM (ID, ORDERID, PRODUCTID, UNITPRICE, QUANTITY) VALUES (85,6,7,7,510);
INSERT INTO ORDERITEM (ID, ORDERID, PRODUCTID, UNITPRICE, QUANTITY) VALUES (86,5,8,8,430);
INSERT INTO ORDERITEM (ID, ORDERID, PRODUCTID, UNITPRICE, QUANTITY) VALUES (87,4,9,9,348);
INSERT INTO ORDERITEM (ID, ORDERID, PRODUCTID, UNITPRICE, QUANTITY) VALUES (88,3,8,8,264);
INSERT INTO ORDERITEM (ID, ORDERID, PRODUCTID, UNITPRICE, QUANTITY) VALUES (89,2,9,9,178);
INSERT INTO ORDERITEM (ID, ORDERID, PRODUCTID, UNITPRICE, QUANTITY) VALUES (90,1,9,9,90);
INSERT INTO ORDERITEM (ID, ORDERID, PRODUCTID, UNITPRICE, QUANTITY) VALUES (91,46,9,16,32);
INSERT INTO ORDERITEM (ID, ORDERID, PRODUCTID, UNITPRICE, QUANTITY) VALUES (92,47,7,4,12);
INSERT INTO ORDERITEM (ID, ORDERID, PRODUCTID, UNITPRICE, QUANTITY) VALUES (93,48,3,6,34);
INSERT INTO ORDERITEM (ID, ORDERID, PRODUCTID, UNITPRICE, QUANTITY) VALUES (94,49,1,1,70);

INSERT INTO PRODUCT (ID, PRODUCTNAME, SUPPLIERID, UNITPRICE, PACKAGE, ISDISCONTINUED) VALUES (1,'product name 1',1,1,'Package 1',0);
INSERT INTO PRODUCT (ID, PRODUCTNAME, SUPPLIERID, UNITPRICE, PACKAGE, ISDISCONTINUED) VALUES (2,'product name 2',1,2,'Package 2',0);
INSERT INTO PRODUCT (ID, PRODUCTNAME, SUPPLIERID, UNITPRICE, PACKAGE, ISDISCONTINUED) VALUES (3,'product name 3',1,3,'Package 3',0);
INSERT INTO PRODUCT (ID, PRODUCTNAME, SUPPLIERID, UNITPRICE, PACKAGE, ISDISCONTINUED) VALUES (4,'product name 4',1,4,'Package 4',0);
INSERT INTO PRODUCT (ID, PRODUCTNAME, SUPPLIERID, UNITPRICE, PACKAGE, ISDISCONTINUED) VALUES (5,'product name 5',1,5,'Package 5',0);
INSERT INTO PRODUCT (ID, PRODUCTNAME, SUPPLIERID, UNITPRICE, PACKAGE, ISDISCONTINUED) VALUES (6,'product name 6',1,6,'Package 6',0);
INSERT INTO PRODUCT (ID, PRODUCTNAME, SUPPLIERID, UNITPRICE, PACKAGE, ISDISCONTINUED) VALUES (7,'product name 7',1,7,'Package 7',0);
INSERT INTO PRODUCT (ID, PRODUCTNAME, SUPPLIERID, UNITPRICE, PACKAGE, ISDISCONTINUED) VALUES (8,'product name 8',1,8,'Package 8',0);
INSERT INTO PRODUCT (ID, PRODUCTNAME, SUPPLIERID, UNITPRICE, PACKAGE, ISDISCONTINUED) VALUES (9,'product name 9',1,9,'Package 9',0);

INSERT INTO SUPPLIER VALUES (1, 'supplier company name 1', 'supplier contact name 1', 'supplier contact title 1', 'supplier city 1', 'supplier country 1', 'supplier phone 1', 'supplier fax 1');

